id,name,cost
0,screwdriver,2.981163654411736
1,wrench,6.490396437000094
2,hammer,2.9037321212561906
3,sickle,8.90156976370351
4,candle,9.806494914226443
5,bandsaw,10.435252185512562
